image_key,exercise_name_ko,english_name,source_zip_path,intended_asset_path,restored_asset_path,bytes,width,height,match_method
wall_sit,월싯,월싯,assets/exercise_images/local_downloads/01_recent_21_exercises/01_∞¢ö∞ï»_wall_sit.png,exercise_images/local_downloads/01_recent_21_exercises/01_월싯_wall_sit.png,exercise_images/local_downloads/wall_sit.png,148250,330,330,slug
reverse_nordic_curl,리버스 노르딕 컬,리버스노르딕컬,assets/exercise_images/local_downloads/01_recent_21_exercises/02_δª¼δ▓ä∞èñ_δà╕δÑ┤δöò_∞╗¼_reverse_nordic_curl.png,exercise_images/local_downloads/01_recent_21_exercises/02_리버스_노르딕_컬_reverse_nordic_curl.png,exercise_images/local_downloads/reverse_nordic_curl.png,122988,330,330,slug
hanging_leg_raise,행잉 레그 레이즈,행잉레그레이즈,assets/exercise_images/local_downloads/01_recent_21_exercises/03_φûë∞₧ë_δáêΩ╖╕_δáê∞¥┤∞ªê_hanging_leg_raise.png,exercise_images/local_downloads/01_recent_21_exercises/03_행잉_레그_레이즈_hanging_leg_raise.png,exercise_images/local_downloads/hanging_leg_raise.png,133141,330,330,slug
hollow_body_hold,할로우 바디 홀드,할로우바디홀드,assets/exercise_images/local_downloads/01_recent_21_exercises/04_φòáδí£∞Ü░_δ░öδöö_φÖÇδô£_hollow_body_hold.png,exercise_images/local_downloads/01_recent_21_exercises/04_할로우_바디_홀드_hollow_body_hold.png,exercise_images/local_downloads/hollow_body_hold.png,127841,330,330,slug
bird_dog,버드독,버드독,assets/exercise_images/local_downloads/01_recent_21_exercises/05_δ▓äδô£δÅà_bird_dog.png,exercise_images/local_downloads/01_recent_21_exercises/05_버드독_bird_dog.png,exercise_images/local_downloads/bird_dog.png,102892,330,330,slug
mountain_climber,마운틴 클라이머,마운틴클라이머,assets/exercise_images/local_downloads/01_recent_21_exercises/06_δºê∞Ü┤φï┤_φü┤δ¥╝∞¥┤δ¿╕_mountain_climber.png,exercise_images/local_downloads/01_recent_21_exercises/06_마운틴_클라이머_mountain_climber.png,exercise_images/local_downloads/mountain_climber.png,107437,330,330,slug
kettlebell_swing,케틀벨 스윙,케틀벨스윙,assets/exercise_images/local_downloads/01_recent_21_exercises/07_∞╝ÇφïÇδ▓¿_∞èñ∞£Ö_kettlebell_swing.png,exercise_images/local_downloads/01_recent_21_exercises/07_케틀벨_스윙_kettlebell_swing.png,exercise_images/local_downloads/kettlebell_swing.png,132877,330,330,slug
half_kneeling_one_arm_press,하프 닐링 원암 프레스,하프닐링원암프레스,assets/exercise_images/local_downloads/01_recent_21_exercises/08_φòÿφöä_δïÉδºü_∞¢É∞òö_φöäδáê∞èñ_half_kneeling_one_arm_press.png,exercise_images/local_downloads/01_recent_21_exercises/08_하프_닐링_원암_프레스_half_kneeling_one_arm_press.png,exercise_images/local_downloads/half_kneeling_one_arm_press.png,126467,330,330,slug
box_jump,박스 점프,박스점프,assets/exercise_images/local_downloads/01_recent_21_exercises/09_δ░ò∞èñ_∞áÉφöä_box_jump.png,exercise_images/local_downloads/01_recent_21_exercises/09_박스_점프_box_jump.png,exercise_images/local_downloads/box_jump.png,137633,330,330,slug
jump_lunge,점프 런지,점프런지,assets/exercise_images/local_downloads/01_recent_21_exercises/10_∞áÉφöä_δƒ░∞ºÇ_jump_lunge.png,exercise_images/local_downloads/01_recent_21_exercises/10_점프_런지_jump_lunge.png,exercise_images/local_downloads/jump_lunge.png,130112,330,330,slug
copenhagen_plank,코펜하겐 플랭크,코펜하겐플랭크,assets/exercise_images/local_downloads/01_recent_21_exercises/11_∞╜öφÄ£φòÿΩ▓É_φöîδ₧¡φü¼_copenhagen_plank.png,exercise_images/local_downloads/01_recent_21_exercises/11_코펜하겐_플랭크_copenhagen_plank.png,exercise_images/local_downloads/copenhagen_plank.png,137280,330,330,slug
drop_jump,드롭 점프,드롭점프,assets/exercise_images/local_downloads/01_recent_21_exercises/12_δô£δí¡_∞áÉφöä_drop_jump.png,exercise_images/local_downloads/01_recent_21_exercises/12_드롭_점프_drop_jump.png,exercise_images/local_downloads/drop_jump.png,139212,330,330,slug
front_back_random_shuttle_pickup,앞뒤 랜덤 콕줍기,앞뒤랜덤콕줍기,assets/exercise_images/local_downloads/01_recent_21_exercises/13_∞ò₧δÆñ_δ₧£δìñ_∞╜ò∞ñìΩ╕░_front_back_random_shuttle_pickup.png,exercise_images/local_downloads/01_recent_21_exercises/13_앞뒤_랜덤_콕줍기_front_back_random_shuttle_pickup.png,exercise_images/local_downloads/front_back_random_shuttle_pickup.png,129118,330,330,slug
left_right_random_shuttle_pickup,좌우 랜덤 콕줍기,좌우랜덤콕줍기,assets/exercise_images/local_downloads/01_recent_21_exercises/14_∞óî∞Ü░_δ₧£δìñ_∞╜ò∞ñìΩ╕░_left_right_random_shuttle_pickup.png,exercise_images/local_downloads/01_recent_21_exercises/14_좌우_랜덤_콕줍기_left_right_random_shuttle_pickup.png,exercise_images/local_downloads/left_right_random_shuttle_pickup.png,109242,330,330,slug
turkish_get_up,터키시 겟업,터키시겟업,assets/exercise_images/local_downloads/01_recent_21_exercises/15_φä░φéñ∞ï£_Ω▓ƒ∞ùà_turkish_get_up.png,exercise_images/local_downloads/01_recent_21_exercises/15_터키시_겟업_turkish_get_up.png,exercise_images/local_downloads/turkish_get_up.png,130821,330,330,slug
goblet_squat,고블릿 스쿼트,고블릿스쿼트,assets/exercise_images/local_downloads/01_recent_21_exercises/16_Ω│áδ╕öδª┐_∞èñ∞┐╝φè╕_goblet_squat.png,exercise_images/local_downloads/01_recent_21_exercises/16_고블릿_스쿼트_goblet_squat.png,exercise_images/local_downloads/goblet_squat.png,139541,330,330,slug
wall_slide,월 슬라이드,월슬라이드,assets/exercise_images/local_downloads/01_recent_21_exercises/17_∞¢ö_∞è¼δ¥╝∞¥┤δô£_wall_slide.png,exercise_images/local_downloads/01_recent_21_exercises/17_월_슬라이드_wall_slide.png,exercise_images/local_downloads/wall_slide.png,144302,330,330,slug
scap_push_up,스캡 푸시업,스캡푸시업,assets/exercise_images/local_downloads/01_recent_21_exercises/18_∞èñ∞║í_φæ╕∞ï£∞ùà_scap_push_up.png,exercise_images/local_downloads/01_recent_21_exercises/18_스캡_푸시업_scap_push_up.png,exercise_images/local_downloads/scap_push_up.png,111964,330,330,slug
plank,플랭크,플랭크,assets/exercise_images/local_downloads/01_recent_21_exercises/19_φöîδ₧¡φü¼_plank.png,exercise_images/local_downloads/01_recent_21_exercises/19_플랭크_plank.png,exercise_images/local_downloads/plank.png,118617,330,330,slug
a_skip,A스킵,a,assets/exercise_images/local_downloads/01_recent_21_exercises/20_A∞èñφé╡_a_skip.png,exercise_images/local_downloads/01_recent_21_exercises/20_A스킵_a_skip.png,exercise_images/local_downloads/a_skip.png,139162,330,330,slug
b_skip,B스킵,b,assets/exercise_images/local_downloads/01_recent_21_exercises/21_B∞èñφé╡_b_skip.png,exercise_images/local_downloads/01_recent_21_exercises/21_B스킵_b_skip.png,exercise_images/local_downloads/b_skip.png,125795,330,330,slug
machine_chest_press,머신 체스트프레스,머신체스트프레스,assets/exercise_images/local_downloads/02_previous_32_exercises/01_δ¿╕∞ïá_∞▓┤∞èñφè╕_φöäδáê∞èñ_machine_chest_press.png,exercise_images/local_downloads/02_previous_32_exercises/01_머신_체스트_프레스_machine_chest_press.png,exercise_images/local_downloads/machine_chest_press.png,146268,330,330,slug
one_leg_leg_press,원레그 레그 프레스,원레그레그프레스,assets/exercise_images/local_downloads/02_previous_32_exercises/02_∞¢ÉδáêΩ╖╕_δáêΩ╖╕_φöäδáê∞èñ_one_leg_leg_press.png,exercise_images/local_downloads/02_previous_32_exercises/02_원레그_레그_프레스_one_leg_leg_press.png,exercise_images/local_downloads/one_leg_leg_press.png,130891,330,330,slug
chest_supported_row,체스트 서포티드 로우,체스트서포티드로우,assets/exercise_images/local_downloads/02_previous_32_exercises/03_∞▓┤∞èñφè╕_∞ä£φÅ¼φï░δô£_δí£∞Ü░_chest_supported_row.png,exercise_images/local_downloads/02_previous_32_exercises/03_체스트_서포티드_로우_chest_supported_row.png,exercise_images/local_downloads/chest_supported_row.png,129107,330,330,slug
scap_pull_up,스캡 풀업,스캡풀업,assets/exercise_images/local_downloads/02_previous_32_exercises/04_∞èñ∞║í_φÆÇ∞ùà_scap_pull_up.png,exercise_images/local_downloads/02_previous_32_exercises/04_스캡_풀업_scap_pull_up.png,exercise_images/local_downloads/scap_pull_up.png,124705,330,330,slug
dumbbell_wrist_extension,덤벨 리스트 익스텐션,덤벨리스트익스텐션,assets/exercise_images/local_downloads/02_previous_32_exercises/05_δìñδ▓¿_δª¼∞èñφè╕_∞¥╡∞èñφàÉ∞àÿ_dumbbell_wrist_extension.png,exercise_images/local_downloads/02_previous_32_exercises/05_덤벨_리스트_익스텐션_dumbbell_wrist_extension.png,exercise_images/local_downloads/dumbbell_wrist_extension.png,124473,330,330,slug
band_external_rotation_stretch,밴드 외회전,밴드외회전,assets/exercise_images/local_downloads/02_previous_32_exercises/06_δ░┤δô£_∞Ö╕φÜî∞áä_∞èñφè╕δáê∞╣¡_band_external_rotation_stretch.png,exercise_images/local_downloads/02_previous_32_exercises/06_밴드_외회전_스트레칭_band_external_rotation_stretch.png,exercise_images/local_downloads/band_external_rotation_stretch.png,133119,330,330,slug
one_leg_hack_squat,원레그 핵 스쿼트,원레그핵스쿼트,assets/exercise_images/local_downloads/02_previous_32_exercises/07_∞¢ÉδáêΩ╖╕_φò╡∞èñ∞┐╝φè╕_one_leg_hack_squat.png,exercise_images/local_downloads/02_previous_32_exercises/07_원레그_핵스쿼트_one_leg_hack_squat.png,exercise_images/local_downloads/one_leg_hack_squat.png,140116,330,330,slug
single_leg_calf_raise,싱글 레그 카프 레이즈,싱글레그카프레이즈,assets/exercise_images/local_downloads/02_previous_32_exercises/08_∞ï▒Ω╕Ç_δáêΩ╖╕_∞╣┤φöä_δáê∞¥┤∞ªê_single_leg_calf_raise.png,exercise_images/local_downloads/02_previous_32_exercises/08_싱글_레그_카프_레이즈_single_leg_calf_raise.png,exercise_images/local_downloads/single_leg_calf_raise.png,135484,330,330,slug
one_arm_cable_fly,원암 케이블 플라이,원암케이블플라이,assets/exercise_images/local_downloads/02_previous_32_exercises/09_∞¢É∞òö_∞╝Ç∞¥┤δ╕ö_φöîδ¥╝∞¥┤_one_arm_cable_fly.png,exercise_images/local_downloads/02_previous_32_exercises/09_원암_케이블_플라이_one_arm_cable_fly.png,exercise_images/local_downloads/one_arm_cable_fly.png,125228,330,330,slug
diamond_push_up,다이아몬드 푸시업,다이아몬드푸시업,assets/exercise_images/local_downloads/02_previous_32_exercises/10_δïñ∞¥┤∞òäδ¬¼δô£_φæ╕∞ï£∞ùà_diamond_push_up.png,exercise_images/local_downloads/02_previous_32_exercises/10_다이아몬드_푸시업_diamond_push_up.png,exercise_images/local_downloads/diamond_push_up.png,109280,330,330,slug
archer_push_up,아처 푸시업,아처푸시업,assets/exercise_images/local_downloads/02_previous_32_exercises/11_∞òä∞▓ÿ_φæ╕∞ï£∞ùà_archer_push_up.png,exercise_images/local_downloads/02_previous_32_exercises/11_아처_푸시업_archer_push_up.png,exercise_images/local_downloads/archer_push_up.png,101589,330,330,slug
pike_push_up,파이크 푸시업,파이크푸시업,assets/exercise_images/local_downloads/02_previous_32_exercises/12_φîî∞¥┤φü¼_φæ╕∞ï£∞ùà_pike_push_up.png,exercise_images/local_downloads/02_previous_32_exercises/12_파이크_푸시업_pike_push_up.png,exercise_images/local_downloads/pike_push_up.png,117803,330,330,slug
handstand_push_up,핸드스탠드 푸시업,핸드스탠드푸시업,assets/exercise_images/local_downloads/02_previous_32_exercises/13_φò╕δô£∞èñφâáδô£_φæ╕∞ï£∞ùà_handstand_push_up.png,exercise_images/local_downloads/02_previous_32_exercises/13_핸드스탠드_푸시업_handstand_push_up.png,exercise_images/local_downloads/handstand_push_up.png,139725,330,330,slug
one_arm_cable_shoulder_press,원암 케이블 숄더프레스,원암케이블숄더프레스,assets/exercise_images/local_downloads/02_previous_32_exercises/14_∞¢É∞òö_∞╝Ç∞¥┤δ╕ö_∞êäδìöφöäδáê∞èñ_one_arm_cable_shoulder_press.png,exercise_images/local_downloads/02_previous_32_exercises/14_원암_케이블_숄더프레스_one_arm_cable_shoulder_press.png,exercise_images/local_downloads/one_arm_cable_shoulder_press.png,137345,330,330,slug
cable_lateral_raise,케이블 래터럴 레이즈,케이블래터럴레이즈,assets/exercise_images/local_downloads/02_previous_32_exercises/15_∞╝Ç∞¥┤δ╕ö_δ₧ÿφä░δƒ┤_δáê∞¥┤∞ªê_cable_lateral_raise.png,exercise_images/local_downloads/02_previous_32_exercises/15_케이블_래터럴_레이즈_cable_lateral_raise.png,exercise_images/local_downloads/cable_lateral_raise.png,133091,330,330,slug
one_arm_cable_lateral_raise,원암 케이블 래터럴 레이즈,원암케이블래터럴레이즈,assets/exercise_images/local_downloads/02_previous_32_exercises/16_∞¢É∞òö_∞╝Ç∞¥┤δ╕ö_δ₧ÿφä░δƒ┤_δáê∞¥┤∞ªê_one_arm_cable_lateral_raise.png,exercise_images/local_downloads/02_previous_32_exercises/16_원암_케이블_래터럴_레이즈_one_arm_cable_lateral_raise.png,exercise_images/local_downloads/one_arm_cable_lateral_raise.png,138160,330,330,slug
one_arm_lat_pulldown,원암 랫풀다운,원암랫풀다운,assets/exercise_images/local_downloads/02_previous_32_exercises/17_∞¢É∞òö_δ₧½φÆÇδïñ∞Ü┤_one_arm_lat_pulldown.png,exercise_images/local_downloads/02_previous_32_exercises/17_원암_랫풀다운_one_arm_lat_pulldown.png,exercise_images/local_downloads/one_arm_lat_pulldown.png,136129,330,330,slug
straight_arm_pulldown,스트레이트암 풀다운,스트레이트암풀다운,assets/exercise_images/local_downloads/02_previous_32_exercises/18_∞èñφè╕δáê∞¥┤φè╕_∞òö_φÆÇδïñ∞Ü┤_straight_arm_pulldown.png,exercise_images/local_downloads/02_previous_32_exercises/18_스트레이트_암_풀다운_straight_arm_pulldown.png,exercise_images/local_downloads/straight_arm_pulldown.png,138910,330,330,slug
one_arm_straight_arm_pulldown,원암 스트레이트암 풀다운,원암스트레이트암풀다운,assets/exercise_images/local_downloads/02_previous_32_exercises/19_∞¢É∞òö_∞èñφè╕δáê∞¥┤φè╕_∞òö_φÆÇδïñ∞Ü┤_one_arm_straight_arm_pulldown.png,exercise_images/local_downloads/02_previous_32_exercises/19_원암_스트레이트_암_풀다운_one_arm_straight_arm_pulldown.png,exercise_images/local_downloads/one_arm_straight_arm_pulldown.png,137450,330,330,slug
inverted_row,인버티드 로우,인버티드로우,assets/exercise_images/local_downloads/02_previous_32_exercises/20_∞¥╕δ▓äφï░δô£_δí£∞Ü░_inverted_row.png,exercise_images/local_downloads/02_previous_32_exercises/20_인버티드_로우_inverted_row.png,exercise_images/local_downloads/inverted_row.png,118291,330,330,slug
ring_row,링 로우,링로우,assets/exercise_images/local_downloads/02_previous_32_exercises/21_δºü_δí£∞Ü░_ring_row.png,exercise_images/local_downloads/02_previous_32_exercises/21_링_로우_ring_row.png,exercise_images/local_downloads/ring_row.png,131028,330,330,slug
negative_pull_up,네거티브 풀업,네거티브풀업,assets/exercise_images/local_downloads/02_previous_32_exercises/22_δäñΩ▒░φï░δ╕î_φÆÇ∞ùà_negative_pull_up.png,exercise_images/local_downloads/02_previous_32_exercises/22_네거티브_풀업_negative_pull_up.png,exercise_images/local_downloads/negative_pull_up.png,114493,330,330,slug
one_arm_cable_curl,원암 케이블 컬,원암케이블컬,assets/exercise_images/local_downloads/02_previous_32_exercises/23_∞¢É∞òö_∞╝Ç∞¥┤δ╕ö_∞╗¼_one_arm_cable_curl.png,exercise_images/local_downloads/02_previous_32_exercises/23_원암_케이블_컬_one_arm_cable_curl.png,exercise_images/local_downloads/one_arm_cable_curl.png,138968,330,330,slug
incline_dumbbell_curl,인클라인 덤벨 컬,인클라인덤벨컬,assets/exercise_images/local_downloads/02_previous_32_exercises/24_∞¥╕φü┤δ¥╝∞¥╕_δìñδ▓¿_∞╗¼_incline_dumbbell_curl.png,exercise_images/local_downloads/02_previous_32_exercises/24_인클라인_덤벨_컬_incline_dumbbell_curl.png,exercise_images/local_downloads/incline_dumbbell_curl.png,136791,330,330,slug
ez_bar_curl,EZ바 컬,ez,assets/exercise_images/local_downloads/02_previous_32_exercises/25_EZδ░ö_∞╗¼_ez_bar_curl.png,exercise_images/local_downloads/02_previous_32_exercises/25_EZ바_컬_ez_bar_curl.png,exercise_images/local_downloads/ez_bar_curl.png,138633,330,330,slug
smith_machine_squat,스미스 머신 스쿼트,스미스머신스쿼트,assets/exercise_images/local_downloads/02_previous_32_exercises/26_∞èñδ»╕∞èñ_δ¿╕∞ïá_∞èñ∞┐╝φè╕_smith_machine_squat.png,exercise_images/local_downloads/02_previous_32_exercises/26_스미스_머신_스쿼트_smith_machine_squat.png,exercise_images/local_downloads/smith_machine_squat.png,137465,330,330,slug
smith_machine_lunge,스미스 머신 런지,스미스머신런지,assets/exercise_images/local_downloads/02_previous_32_exercises/27_∞èñδ»╕∞èñ_δ¿╕∞ïá_δƒ░∞ºÇ_smith_machine_lunge.png,exercise_images/local_downloads/02_previous_32_exercises/27_스미스_머신_런지_smith_machine_lunge.png,exercise_images/local_downloads/smith_machine_lunge.png,138560,330,330,slug
rdl_one_arm_dumbbell_rdl,원암 덤벨 RDL,rdl,assets/exercise_images/local_downloads/02_previous_32_exercises/28_∞¢É∞òö_δìñδ▓¿_RDL_one_arm_dumbbell_rdl.png,exercise_images/local_downloads/02_previous_32_exercises/28_원암_덤벨_RDL_one_arm_dumbbell_rdl.png,exercise_images/local_downloads/rdl_one_arm_dumbbell_rdl.png,122340,330,330,slug
rdl_kickstand_rdl,원암 덤벨 RDL,rdl,assets/exercise_images/local_downloads/02_previous_32_exercises/29_φéÑ∞èñφâá∞èñ_RDL_kickstand_rdl.png,exercise_images/local_downloads/02_previous_32_exercises/29_킥스탠스_RDL_kickstand_rdl.png,exercise_images/local_downloads/rdl_kickstand_rdl.png,119589,330,330,slug
single_leg_rdl,원암 덤벨 RDL,rdl,assets/exercise_images/local_downloads/exercise_bundle_recreated/08_single_leg_rdl.png,exercise_images/local_downloads/exercise_bundle_recreated/08_single_leg_rdl.png,exercise_images/local_downloads/single_leg_rdl.png,116305,330,330,exact
rdl_b_stance_rdl,B-스탠스 RDL,b rdl,assets/exercise_images/local_downloads/02_previous_32_exercises/30_B∞èñφâá∞èñ_RDL_b_stance_rdl.png,exercise_images/local_downloads/02_previous_32_exercises/30_B스탠스_RDL_b_stance_rdl.png,exercise_images/local_downloads/rdl_b_stance_rdl.png,118183,330,330,slug
standing_leg_curl,스탠딩 레그 컬,스탠딩레그컬,assets/exercise_images/local_downloads/02_previous_32_exercises/31_∞èñφâáδö⌐_δáêΩ╖╕∞╗¼_standing_leg_curl.png,exercise_images/local_downloads/02_previous_32_exercises/31_스탠딩_레그컬_standing_leg_curl.png,exercise_images/local_downloads/standing_leg_curl.png,147190,330,330,slug
bodyweight_squat,맨몸 스쿼트,맨몸스쿼트,assets/exercise_images/local_downloads/02_previous_32_exercises/32_δº¿δ¬╕_∞èñ∞┐╝φè╕_bodyweight_squat.png,exercise_images/local_downloads/02_previous_32_exercises/32_맨몸_스쿼트_bodyweight_squat.png,exercise_images/local_downloads/bodyweight_squat.png,129454,330,330,slug
chest_supported_one_arm_dumbbell_row,체스트 서포티드 원암 덤벨 로우,체스트서포티드원암덤벨로우,assets/exercise_images/local_downloads/exercise_bundle_recreated/01_chest_supported_one_arm_dumbbell_row.png,exercise_images/local_downloads/exercise_bundle_recreated/01_chest_supported_one_arm_dumbbell_row.png,exercise_images/local_downloads/chest_supported_one_arm_dumbbell_row.png,135373,330,330,exact
half_kneeling_one_arm_cable_high_row,원암 케이블 하이 로우,원암케이블하이로우,assets/exercise_images/local_downloads/exercise_bundle_recreated/02_half_kneeling_one_arm_cable_high_row.png,exercise_images/local_downloads/exercise_bundle_recreated/02_half_kneeling_one_arm_cable_high_row.png,exercise_images/local_downloads/half_kneeling_one_arm_cable_high_row.png,144964,330,330,exact
reverse_curl,리버스 컬,리버스컬,assets/exercise_images/local_downloads/exercise_bundle_recreated/03_reverse_curl.png,exercise_images/local_downloads/exercise_bundle_recreated/03_reverse_curl.png,exercise_images/local_downloads/reverse_curl.png,137397,330,330,exact
dumbbell_pronation_supination,덤벨 프로네이션/수피네이션,덤벨프로네이션수피네이션,assets/exercise_images/local_downloads/exercise_bundle_recreated/04_dumbbell_pronation_supination.png,exercise_images/local_downloads/exercise_bundle_recreated/04_dumbbell_pronation_supination.png,exercise_images/local_downloads/dumbbell_pronation_supination.png,111538,330,330,exact
dumbbell_pronation_supination_arrow,덤벨 프로네이션/수피네이션,덤벨프로네이션수피네이션,assets/exercise_images/local_downloads/exercise_bundle_recreated/16_dumbbell_pronation_supination_arrow.png,exercise_images/local_downloads/exercise_bundle_recreated/16_dumbbell_pronation_supination_arrow.png,exercise_images/local_downloads/dumbbell_pronation_supination_arrow.png,127208,330,330,exact
farmers_carry,파머스 캐리,파머스캐리,assets/exercise_images/local_downloads/exercise_bundle_recreated/05_farmers_carry.png,exercise_images/local_downloads/exercise_bundle_recreated/05_farmers_carry.png,exercise_images/local_downloads/farmers_carry.png,137407,330,330,exact
split_step_reaction,스플릿 스텝 리액션,스플릿스텝리액션,assets/exercise_images/local_downloads/exercise_bundle_recreated/06_split_step_reaction.png,exercise_images/local_downloads/exercise_bundle_recreated/06_split_step_reaction.png,exercise_images/local_downloads/split_step_reaction.png,128077,330,330,exact
standing_one_arm_cable_row_chest_height,케이블 원암 로우,케이블원암로우,assets/exercise_images/local_downloads/exercise_bundle_recreated/07_standing_one_arm_cable_row_chest_height.png,exercise_images/local_downloads/exercise_bundle_recreated/07_standing_one_arm_cable_row_chest_height.png,exercise_images/local_downloads/standing_one_arm_cable_row_chest_height.png,134231,330,330,exact
lateral_bound,래터럴 바운드,래터럴바운드,assets/exercise_images/local_downloads/exercise_bundle_recreated/09_lateral_bound.png,exercise_images/local_downloads/exercise_bundle_recreated/09_lateral_bound.png,exercise_images/local_downloads/lateral_bound.png,122811,330,330,exact
side_step_stop,사이드 스텝 후 정지,사이드스텝후정지,assets/exercise_images/local_downloads/exercise_bundle_recreated/10_side_step_stop.png,exercise_images/local_downloads/exercise_bundle_recreated/10_side_step_stop.png,exercise_images/local_downloads/side_step_stop.png,128701,330,330,exact
dead_bug,데드버그,데드버그,assets/exercise_images/local_downloads/exercise_bundle_recreated/11_dead_bug.png,exercise_images/local_downloads/exercise_bundle_recreated/11_dead_bug.png,exercise_images/local_downloads/dead_bug.png,105009,330,330,exact
corner_random_beep_footwork,랜덤 비프 풋워크,랜덤비프풋워크,assets/exercise_images/local_downloads/exercise_bundle_recreated/12_6corner_random_beep_footwork.png,exercise_images/local_downloads/exercise_bundle_recreated/12_6corner_random_beep_footwork.png,exercise_images/local_downloads/corner_random_beep_footwork.png,107287,330,330,exact
side_plank,사이드 플랭크,사이드플랭크,assets/exercise_images/local_downloads/exercise_bundle_recreated/13_side_plank.png,exercise_images/local_downloads/exercise_bundle_recreated/13_side_plank.png,exercise_images/local_downloads/side_plank.png,121584,330,330,exact
viper_twist,바이퍼 트위스트,바이퍼트위스트,assets/exercise_images/local_downloads/exercise_bundle_recreated/14_viper_twist.png,exercise_images/local_downloads/exercise_bundle_recreated/14_viper_twist.png,exercise_images/local_downloads/viper_twist.png,122659,330,330,exact
face_pull,페이스풀,페이스풀,assets/exercise_images/local_downloads/exercise_bundle_recreated/15_face_pull.png,exercise_images/local_downloads/exercise_bundle_recreated/15_face_pull.png,exercise_images/local_downloads/face_pull.png,138584,330,330,exact
half_kneeling_chop,하프 닐링 초프,하프닐링초프,assets/exercise_images/local_downloads/exercise_bundle_recreated/17_half_kneeling_chop.png,exercise_images/local_downloads/exercise_bundle_recreated/17_half_kneeling_chop.png,exercise_images/local_downloads/half_kneeling_chop.png,138047,330,330,exact
dumbbell_wrist_curl,덤벨 리스트 컬,덤벨리스트컬,assets/exercise_images/local_downloads/additional_51/exercise_bundle_1_15/01_dumbbell_wrist_curl.png,exercise_images/local_downloads/additional_51/exercise_bundle_1_15/01_dumbbell_wrist_curl.png,exercise_images/local_downloads/dumbbell_wrist_curl.png,129999,330,330,exact
leaning_lateral_raise,리닝 래터럴 레이즈,리닝래터럴레이즈,assets/exercise_images/local_downloads/additional_51/exercise_bundle_1_15/02_leaning_lateral_raise.png,exercise_images/local_downloads/additional_51/exercise_bundle_1_15/02_leaning_lateral_raise.png,exercise_images/local_downloads/leaning_lateral_raise.png,130457,330,330,exact
rear_delt_cable_fly,리어델트 케이블 플라이,리어델트케이블플라이,assets/exercise_images/local_downloads/additional_51/exercise_bundle_1_15/03_rear_delt_cable_fly.png,exercise_images/local_downloads/additional_51/exercise_bundle_1_15/03_rear_delt_cable_fly.png,exercise_images/local_downloads/rear_delt_cable_fly.png,139265,330,330,exact
one_arm_rear_delt_cable_fly,원암 리어델트 케이블 플라이,원암리어델트케이블플라이,assets/exercise_images/local_downloads/additional_51/exercise_bundle_1_15/04_one_arm_rear_delt_cable_fly.png,exercise_images/local_downloads/additional_51/exercise_bundle_1_15/04_one_arm_rear_delt_cable_fly.png,exercise_images/local_downloads/one_arm_rear_delt_cable_fly.png,127442,330,330,exact
crossbody_hammer_curl,크로스바디 해머 컬,크로스바디해머컬,assets/exercise_images/local_downloads/additional_51/exercise_bundle_1_15/05_crossbody_hammer_curl.png,exercise_images/local_downloads/additional_51/exercise_bundle_1_15/05_crossbody_hammer_curl.png,exercise_images/local_downloads/crossbody_hammer_curl.png,132491,330,330,exact
rope_hammer_curl,로프 해머 컬,로프해머컬,assets/exercise_images/local_downloads/additional_51/exercise_bundle_1_15/06_rope_hammer_curl.png,exercise_images/local_downloads/additional_51/exercise_bundle_1_15/06_rope_hammer_curl.png,exercise_images/local_downloads/rope_hammer_curl.png,140711,330,330,exact
one_arm_cable_triceps_pushdown,원암 케이블 트라이셉스 푸시다운,원암케이블트라이셉스푸시다운,assets/exercise_images/local_downloads/additional_51/exercise_bundle_1_15/07_one_arm_cable_triceps_pushdown.png,exercise_images/local_downloads/additional_51/exercise_bundle_1_15/07_one_arm_cable_triceps_pushdown.png,exercise_images/local_downloads/one_arm_cable_triceps_pushdown.png,131602,330,330,exact
reverse_wrist_curl,리버스 리스트 컬,리버스리스트컬,assets/exercise_images/local_downloads/additional_51/exercise_bundle_1_15/08_reverse_wrist_curl.png,exercise_images/local_downloads/additional_51/exercise_bundle_1_15/08_reverse_wrist_curl.png,exercise_images/local_downloads/reverse_wrist_curl.png,136400,330,330,exact
cable_pull_through,케이블 풀스루,케이블풀스루,assets/exercise_images/local_downloads/additional_51/exercise_bundle_1_15/09_cable_pull_through.png,exercise_images/local_downloads/additional_51/exercise_bundle_1_15/09_cable_pull_through.png,exercise_images/local_downloads/cable_pull_through.png,130144,330,330,exact
cable_kickback,케이블 킥백,케이블킥백,assets/exercise_images/local_downloads/additional_51/exercise_bundle_1_15/10_cable_kickback.png,exercise_images/local_downloads/additional_51/exercise_bundle_1_15/10_cable_kickback.png,exercise_images/local_downloads/cable_kickback.png,119875,330,330,exact
captains_chair_leg_raise,캡틴체어 레그 레이즈,캡틴체어레그레이즈,assets/exercise_images/local_downloads/additional_51/exercise_bundle_1_15/11_captains_chair_leg_raise.png,exercise_images/local_downloads/additional_51/exercise_bundle_1_15/11_captains_chair_leg_raise.png,exercise_images/local_downloads/captains_chair_leg_raise.png,130923,330,330,exact
v_up,V업,v,assets/exercise_images/local_downloads/additional_51/exercise_bundle_1_15/12_v_up.png,exercise_images/local_downloads/additional_51/exercise_bundle_1_15/12_v_up.png,exercise_images/local_downloads/v_up.png,101252,330,330,exact
nordic_hamstring_curl,노르딕 햄스트링 컬,노르딕햄스트링컬,assets/exercise_images/local_downloads/additional_51/exercise_bundle_1_15/13_nordic_hamstring_curl.png,exercise_images/local_downloads/additional_51/exercise_bundle_1_15/13_nordic_hamstring_curl.png,exercise_images/local_downloads/nordic_hamstring_curl.png,113152,330,330,exact
split_step,스플릿 스텝,스플릿스텝,assets/exercise_images/local_downloads/additional_51/exercise_bundle_1_15/14_split_step.png,exercise_images/local_downloads/additional_51/exercise_bundle_1_15/14_split_step.png,exercise_images/local_downloads/split_step.png,119410,330,330,exact
ankle_hip_mobility,발목/고관절 가동성,발목고관절가동성,assets/exercise_images/local_downloads/additional_51/exercise_bundle_1_15/15_ankle_hip_mobility.png,exercise_images/local_downloads/additional_51/exercise_bundle_1_15/15_ankle_hip_mobility.png,exercise_images/local_downloads/ankle_hip_mobility.png,121528,330,330,exact
random_direction_change_drill,랜덤 방향전환 드릴,랜덤방향전환드릴,assets/exercise_images/local_downloads/additional_51/exercise_bundle_16_30_all_download/16_random_direction_change_drill.png,exercise_images/local_downloads/additional_51/exercise_bundle_16_30_all_download/16_random_direction_change_drill.png,exercise_images/local_downloads/random_direction_change_drill.png,110378,330,330,exact
repeated_smash_test,30초 반복 스매시 테스트,30,assets/exercise_images/local_downloads/additional_51/exercise_bundle_16_30_all_download/18_repeated_smash_test.png,exercise_images/local_downloads/additional_51/exercise_bundle_16_30_all_download/18_repeated_smash_test.png,exercise_images/local_downloads/repeated_smash_test.png,117970,330,330,exact
six_direction_random_shuttle_pickup,6방향 랜덤 콕줍기,6,assets/exercise_images/local_downloads/additional_51/exercise_bundle_16_30_all_download/19_six_direction_random_shuttle_pickup.png,exercise_images/local_downloads/additional_51/exercise_bundle_16_30_all_download/19_six_direction_random_shuttle_pickup.png,exercise_images/local_downloads/six_direction_random_shuttle_pickup.png,105661,330,330,exact
multishuttle_footwork,멀티셔틀 풋워크,멀티셔틀풋워크,assets/exercise_images/local_downloads/additional_51/exercise_bundle_16_30_all_download/20_multishuttle_footwork.png,exercise_images/local_downloads/additional_51/exercise_bundle_16_30_all_download/20_multishuttle_footwork.png,exercise_images/local_downloads/multishuttle_footwork.png,109801,330,330,exact
light_shuttle_pickup,가벼운 콕줍기,가벼운콕줍기,assets/exercise_images/local_downloads/additional_51/exercise_bundle_16_30_all_download/21_light_shuttle_pickup.png,exercise_images/local_downloads/additional_51/exercise_bundle_16_30_all_download/21_light_shuttle_pickup.png,exercise_images/local_downloads/light_shuttle_pickup.png,110726,330,330,exact
pallof_press,팔로프 프레스,팔로프프레스,assets/exercise_images/local_downloads/additional_51/exercise_bundle_16_30_all_download/22_pallof_press.png,exercise_images/local_downloads/additional_51/exercise_bundle_16_30_all_download/22_pallof_press.png,exercise_images/local_downloads/pallof_press.png,115351,330,330,exact
miniband_sidewalk,미니밴드 사이드워크,미니밴드사이드워크,assets/exercise_images/local_downloads/additional_51/exercise_bundle_16_30_all_download/23_miniband_sidewalk.png,exercise_images/local_downloads/additional_51/exercise_bundle_16_30_all_download/23_miniband_sidewalk.png,exercise_images/local_downloads/miniband_sidewalk.png,123270,330,330,exact
single_leg_box_squat,싱글 레그 박스 스쿼트,싱글레그박스스쿼트,assets/exercise_images/local_downloads/additional_51/exercise_bundle_16_30_all_download/24_single_leg_box_squat.png,exercise_images/local_downloads/additional_51/exercise_bundle_16_30_all_download/24_single_leg_box_squat.png,exercise_images/local_downloads/single_leg_box_squat.png,114315,330,330,exact
skater_squat,스케이터 스쿼트,스케이터스쿼트,assets/exercise_images/local_downloads/additional_51/exercise_bundle_16_30_all_download/25_skater_squat.png,exercise_images/local_downloads/additional_51/exercise_bundle_16_30_all_download/25_skater_squat.png,exercise_images/local_downloads/skater_squat.png,114609,330,330,exact
lateral_stepdown,래터럴 스텝다운,래터럴스텝다운,assets/exercise_images/local_downloads/additional_51/exercise_bundle_16_30_all_download/26_lateral_stepdown.png,exercise_images/local_downloads/additional_51/exercise_bundle_16_30_all_download/26_lateral_stepdown.png,exercise_images/local_downloads/lateral_stepdown.png,136176,330,330,exact
single_leg_hop_and_stick,싱글 레그 홉 앤 스틱,싱글레그홉앤스틱,assets/exercise_images/local_downloads/additional_51/exercise_bundle_16_30_all_download/27_single_leg_hop_and_stick.png,exercise_images/local_downloads/additional_51/exercise_bundle_16_30_all_download/27_single_leg_hop_and_stick.png,exercise_images/local_downloads/single_leg_hop_and_stick.png,114432,330,330,exact
burpee,버피,버피,assets/exercise_images/local_downloads/additional_51/exercise_bundle_16_30_all_download/28_burpee.png,exercise_images/local_downloads/additional_51/exercise_bundle_16_30_all_download/28_burpee.png,exercise_images/local_downloads/burpee.png,102372,330,330,exact
stretching,스트레칭,스트레칭,assets/exercise_images/local_downloads/additional_51/exercise_bundle_16_30_all_download/29_stretching.png,exercise_images/local_downloads/additional_51/exercise_bundle_16_30_all_download/29_stretching.png,exercise_images/local_downloads/stretching.png,119145,330,330,exact
shuttle_run,셔틀런,셔틀런,assets/exercise_images/local_downloads/additional_51/exercise_bundle_16_30_all_download/30_shuttle_run.png,exercise_images/local_downloads/additional_51/exercise_bundle_16_30_all_download/30_shuttle_run.png,exercise_images/local_downloads/shuttle_run.png,120951,330,330,exact
agility_ladder_drill,애질리티 래더,애질리티래더,assets/exercise_images/local_downloads/additional_51/exercise_bundle_31_51_download_v2/31_∞òá∞ºêδª¼φï░_δ₧ÿδìö_agility_ladder_drill.png,exercise_images/local_downloads/additional_51/exercise_bundle_31_51_download_v2/31_애질리티_래더_agility_ladder_drill.png,exercise_images/local_downloads/agility_ladder_drill.png,132288,330,330,slug
cone_drill,콘 드릴,콘드릴,assets/exercise_images/local_downloads/additional_51/exercise_bundle_31_51_download_v2/32_∞╜ÿ_δô£δª┤_cone_drill.png,exercise_images/local_downloads/additional_51/exercise_bundle_31_51_download_v2/32_콘_드릴_cone_drill.png,exercise_images/local_downloads/cone_drill.png,120409,330,330,slug
ankling,앙클링,앙클링,assets/exercise_images/local_downloads/additional_51/exercise_bundle_31_51_download_v2/33_∞òÖφü┤δºü_ankling.png,exercise_images/local_downloads/additional_51/exercise_bundle_31_51_download_v2/33_앙클링_ankling.png,exercise_images/local_downloads/ankling.png,107198,330,330,slug
high_knee_skip,하이니 스킵,하이니스킵,assets/exercise_images/local_downloads/additional_51/exercise_bundle_31_51_download_v2/34_φòÿ∞¥┤δïê_∞èñφé╡_high_knee_skip.png,exercise_images/local_downloads/additional_51/exercise_bundle_31_51_download_v2/34_하이니_스킵_high_knee_skip.png,exercise_images/local_downloads/high_knee_skip.png,124423,330,330,slug
skip_bound,스킵 바운드,스킵바운드,assets/exercise_images/local_downloads/additional_51/exercise_bundle_31_51_download_v2/35_∞èñφé╡_δ░ö∞Ü┤δô£_skip_bound.png,exercise_images/local_downloads/additional_51/exercise_bundle_31_51_download_v2/35_스킵_바운드_skip_bound.png,exercise_images/local_downloads/skip_bound.png,101225,330,330,slug
pogo_jump,포고 점프,포고점프,assets/exercise_images/local_downloads/additional_51/exercise_bundle_31_51_download_v2/36_φÅ¼Ω│á_∞áÉφöä_pogo_jump.png,exercise_images/local_downloads/additional_51/exercise_bundle_31_51_download_v2/36_포고_점프_pogo_jump.png,exercise_images/local_downloads/pogo_jump.png,110314,330,330,slug
line_hop,라인 홉,라인홉,assets/exercise_images/local_downloads/additional_51/exercise_bundle_31_51_download_v2/37_δ¥╝∞¥╕_φÖë_line_hop.png,exercise_images/local_downloads/additional_51/exercise_bundle_31_51_download_v2/37_라인_홉_line_hop.png,exercise_images/local_downloads/line_hop.png,121838,330,330,slug
wall_drive,월 드라이브,월드라이브,assets/exercise_images/local_downloads/additional_51/exercise_bundle_31_51_download_v2/38_∞¢ö_δô£δ¥╝∞¥┤δ╕î_wall_drive.png,exercise_images/local_downloads/additional_51/exercise_bundle_31_51_download_v2/38_월_드라이브_wall_drive.png,exercise_images/local_downloads/wall_drive.png,132444,330,330,slug
stride,스트라이드,스트라이드,assets/exercise_images/local_downloads/additional_51/exercise_bundle_31_51_download_v2/39_∞èñφè╕δ¥╝∞¥┤δô£_stride.png,exercise_images/local_downloads/additional_51/exercise_bundle_31_51_download_v2/39_스트라이드_stride.png,exercise_images/local_downloads/stride.png,126103,330,330,slug
running,러닝,러닝,assets/exercise_images/local_downloads/additional_51/exercise_bundle_31_51_download_v2/40_δƒ¼δï¥_running.png,exercise_images/local_downloads/additional_51/exercise_bundle_31_51_download_v2/40_러닝_running.png,exercise_images/local_downloads/running.png,124982,330,330,slug
interval_running,인터벌 러닝,인터벌러닝,assets/exercise_images/local_downloads/additional_51/exercise_bundle_31_51_download_v2/41_∞¥╕φä░δ▓î_δƒ¼δï¥_interval_running.png,exercise_images/local_downloads/additional_51/exercise_bundle_31_51_download_v2/41_인터벌_러닝_interval_running.png,exercise_images/local_downloads/interval_running.png,133203,330,330,slug
indoor_cycling,실내 자전거,실내자전거,assets/exercise_images/local_downloads/additional_51/exercise_bundle_31_51_download_v2/42_∞ïñδé┤_∞₧É∞áäΩ▒░_indoor_cycling.png,exercise_images/local_downloads/additional_51/exercise_bundle_31_51_download_v2/42_실내_자전거_indoor_cycling.png,exercise_images/local_downloads/indoor_cycling.png,125346,330,330,slug
rowing_machine,로잉머신,로잉머신,assets/exercise_images/local_downloads/additional_51/exercise_bundle_31_51_download_v2/43_δí£∞₧ëδ¿╕∞ïá_rowing_machine.png,exercise_images/local_downloads/additional_51/exercise_bundle_31_51_download_v2/43_로잉머신_rowing_machine.png,exercise_images/local_downloads/rowing_machine.png,112231,330,330,slug
swimming,수영,수영,assets/exercise_images/local_downloads/additional_51/exercise_bundle_31_51_download_v2/44_∞êÿ∞ÿü_swimming.png,exercise_images/local_downloads/additional_51/exercise_bundle_31_51_download_v2/44_수영_swimming.png,exercise_images/local_downloads/swimming.png,157347,330,330,slug
jump_rope,줄넘기,줄넘기,assets/exercise_images/local_downloads/additional_51/exercise_bundle_31_51_download_v2/45_∞ñäδäÿΩ╕░_jump_rope.png,exercise_images/local_downloads/additional_51/exercise_bundle_31_51_download_v2/45_줄넘기_jump_rope.png,exercise_images/local_downloads/jump_rope.png,128682,330,330,slug
stair_climbing,계단 오르기,계단오르기,assets/exercise_images/local_downloads/additional_51/exercise_bundle_31_51_download_v2/46_Ω│äδï¿_∞ÿñδÑ┤Ω╕░_stair_climbing.png,exercise_images/local_downloads/additional_51/exercise_bundle_31_51_download_v2/46_계단_오르기_stair_climbing.png,exercise_images/local_downloads/stair_climbing.png,143430,330,330,slug
soccer,축구,축구,assets/exercise_images/local_downloads/additional_51/exercise_bundle_31_51_download_v2/47_∞╢òΩ╡¼_soccer.png,exercise_images/local_downloads/additional_51/exercise_bundle_31_51_download_v2/47_축구_soccer.png,exercise_images/local_downloads/soccer.png,114174,330,330,slug
basketball,농구,농구,assets/exercise_images/local_downloads/additional_51/exercise_bundle_31_51_download_v2/48_δåìΩ╡¼_basketball.png,exercise_images/local_downloads/additional_51/exercise_bundle_31_51_download_v2/48_농구_basketball.png,exercise_images/local_downloads/basketball.png,112025,330,330,slug
tennis,테니스,테니스,assets/exercise_images/local_downloads/additional_51/exercise_bundle_31_51_download_v2/49_φàîδïê∞èñ_tennis.png,exercise_images/local_downloads/additional_51/exercise_bundle_31_51_download_v2/49_테니스_tennis.png,exercise_images/local_downloads/tennis.png,128855,330,330,slug
badminton,배드민턴,배드민턴,assets/exercise_images/local_downloads/additional_51/exercise_bundle_31_51_download_v2/50_δ░░δô£δ»╝φä┤_badminton.png,exercise_images/local_downloads/additional_51/exercise_bundle_31_51_download_v2/50_배드민턴_badminton.png,exercise_images/local_downloads/badminton.png,130050,330,330,slug
running_futsal,러닝 풋살,러닝풋살,assets/exercise_images/local_downloads/additional_51/exercise_bundle_31_51_download_v2/51_δƒ¼δï¥_φÆï∞é┤_running_futsal.png,exercise_images/local_downloads/additional_51/exercise_bundle_31_51_download_v2/51_러닝_풋살_running_futsal.png,exercise_images/local_downloads/running_futsal.png,115716,330,330,slug
split_step_lateral_lunge,스플릿 스텝 후 좌우 런지,split step lateral lunge,assets/exercise_images/local_downloads/manual/split_step_lateral_lunge.png,exercise_images/local_downloads/manual/split_step_lateral_lunge.png,exercise_images/local_downloads/split_step_lateral_lunge.png,123505,330,330,exact
back_squat,스쿼트,스쿼트,assets/exercise_images/local_downloads/previous_style/exercise_set_01_30_latest30_v2/01_∞èñ∞┐╝φè╕_back_squat.png,exercise_images/local_downloads/previous_style/exercise_set_01_30_latest30_v2/01_스쿼트_back_squat.png,exercise_images/local_downloads/back_squat.png,123803,330,330,slug
front_squat,프론트 스쿼트,프론트스쿼트,assets/exercise_images/local_downloads/previous_style/exercise_set_01_30_latest30_v2/02_φöäδíáφè╕_∞èñ∞┐╝φè╕_front_squat.png,exercise_images/local_downloads/previous_style/exercise_set_01_30_latest30_v2/02_프론트_스쿼트_front_squat.png,exercise_images/local_downloads/front_squat.png,134209,330,330,slug
hack_squat,핵 스쿼트,핵스쿼트,assets/exercise_images/local_downloads/previous_style/exercise_set_01_30_latest30_v2/03_φò╡_∞èñ∞┐╝φè╕_hack_squat.png,exercise_images/local_downloads/previous_style/exercise_set_01_30_latest30_v2/03_핵_스쿼트_hack_squat.png,exercise_images/local_downloads/hack_squat.png,121149,330,330,slug
pistol_squat,피스톨 스쿼트,피스톨스쿼트,assets/exercise_images/local_downloads/previous_style/exercise_set_01_30_latest30_v2/04_φö╝∞èñφå¿_∞èñ∞┐╝φè╕_pistol_squat.png,exercise_images/local_downloads/previous_style/exercise_set_01_30_latest30_v2/04_피스톨_스쿼트_pistol_squat.png,exercise_images/local_downloads/pistol_squat.png,117085,330,330,slug
cossack_squat,코사크 스쿼트,코사크스쿼트,assets/exercise_images/local_downloads/previous_style/exercise_set_01_30_latest30_v2/05_∞╜ö∞é¼φü¼_∞èñ∞┐╝φè╕_cossack_squat.png,exercise_images/local_downloads/previous_style/exercise_set_01_30_latest30_v2/05_코사크_스쿼트_cossack_squat.png,exercise_images/local_downloads/cossack_squat.png,107916,330,330,slug
lateral_lunge,래터럴 런지,래터럴런지,assets/exercise_images/local_downloads/previous_style/exercise_set_01_30_latest30_v2/06_δ₧ÿφä░δƒ┤_δƒ░∞ºÇ_lateral_lunge.png,exercise_images/local_downloads/previous_style/exercise_set_01_30_latest30_v2/06_래터럴_런지_lateral_lunge.png,exercise_images/local_downloads/lateral_lunge.png,124279,330,330,slug
lunge,런지,런지,assets/exercise_images/local_downloads/previous_style/exercise_set_01_30_latest30_v2/07_δƒ░∞ºÇ_lunge.png,exercise_images/local_downloads/previous_style/exercise_set_01_30_latest30_v2/07_런지_lunge.png,exercise_images/local_downloads/lunge.png,130773,330,330,slug
walking_lunge,워킹 런지,워킹런지,assets/exercise_images/local_downloads/previous_style/exercise_set_01_30_latest30_v2/08_∞¢îφé╣_δƒ░∞ºÇ_walking_lunge.png,exercise_images/local_downloads/previous_style/exercise_set_01_30_latest30_v2/08_워킹_런지_walking_lunge.png,exercise_images/local_downloads/walking_lunge.png,127385,330,330,slug
reverse_lunge,리버스 런지,리버스런지,assets/exercise_images/local_downloads/previous_style/exercise_set_01_30_latest30_v2/09_δª¼δ▓ä∞èñ_δƒ░∞ºÇ_reverse_lunge.png,exercise_images/local_downloads/previous_style/exercise_set_01_30_latest30_v2/09_리버스_런지_reverse_lunge.png,exercise_images/local_downloads/reverse_lunge.png,132525,330,330,slug
dumbbell_step_up,덤벨 스텝업,덤벨스텝업,assets/exercise_images/local_downloads/previous_style/exercise_set_01_30_latest30_v2/10_δìñδ▓¿_∞èñφà¥∞ùà_dumbbell_step_up.png,exercise_images/local_downloads/previous_style/exercise_set_01_30_latest30_v2/10_덤벨_스텝업_dumbbell_step_up.png,exercise_images/local_downloads/dumbbell_step_up.png,128848,330,330,slug
box_step_up,박스 스텝업,박스스텝업,assets/exercise_images/local_downloads/previous_style/exercise_set_01_30_latest30_v2/11_δ░ò∞èñ_∞èñφà¥∞ùà_box_step_up.png,exercise_images/local_downloads/previous_style/exercise_set_01_30_latest30_v2/11_박스_스텝업_box_step_up.png,exercise_images/local_downloads/box_step_up.png,140138,330,330,slug
leg_press,레그 프레스,레그프레스,assets/exercise_images/local_downloads/previous_style/exercise_set_01_30_latest30_v2/12_δáêΩ╖╕_φöäδáê∞èñ_leg_press.png,exercise_images/local_downloads/previous_style/exercise_set_01_30_latest30_v2/12_레그_프레스_leg_press.png,exercise_images/local_downloads/leg_press.png,129698,330,330,slug
leg_extension,레그 익스텐션,레그익스텐션,assets/exercise_images/local_downloads/previous_style/exercise_set_01_30_latest30_v2/13_δáêΩ╖╕_∞¥╡∞èñφàÉ∞àÿ_leg_extension.png,exercise_images/local_downloads/previous_style/exercise_set_01_30_latest30_v2/13_레그_익스텐션_leg_extension.png,exercise_images/local_downloads/leg_extension.png,143613,330,330,slug
single_leg_leg_extension,싱글 레그 레그 익스텐션,싱글레그레그익스텐션,assets/exercise_images/local_downloads/previous_style/exercise_set_01_30_latest30_v2/14_∞ï▒Ω╕Ç_δáêΩ╖╕_δáêΩ╖╕_∞¥╡∞èñφàÉ∞àÿ_single_leg_leg_extension.png,exercise_images/local_downloads/previous_style/exercise_set_01_30_latest30_v2/14_싱글_레그_레그_익스텐션_single_leg_leg_extension.png,exercise_images/local_downloads/single_leg_leg_extension.png,121058,330,330,slug
leg_curl,레그 컬,레그컬,assets/exercise_images/local_downloads/previous_style/exercise_set_01_30_latest30_v2/15_δáêΩ╖╕_∞╗¼_leg_curl.png,exercise_images/local_downloads/previous_style/exercise_set_01_30_latest30_v2/15_레그_컬_leg_curl.png,exercise_images/local_downloads/leg_curl.png,144189,330,330,slug
single_leg_leg_curl,싱글 레그 레그 컬,싱글레그레그컬,assets/exercise_images/local_downloads/previous_style/exercise_set_01_30_latest30_v2/16_∞ï▒Ω╕Ç_δáêΩ╖╕_δáêΩ╖╕_∞╗¼_single_leg_leg_curl.png,exercise_images/local_downloads/previous_style/exercise_set_01_30_latest30_v2/16_싱글_레그_레그_컬_single_leg_leg_curl.png,exercise_images/local_downloads/single_leg_leg_curl.png,142046,330,330,slug
standing_calf_raise,스탠딩 카프 레이즈,스탠딩카프레이즈,assets/exercise_images/local_downloads/previous_style/exercise_set_01_30_latest30_v2/17_∞èñφâáδö⌐_∞╣┤φöä_δáê∞¥┤∞ªê_standing_calf_raise.png,exercise_images/local_downloads/previous_style/exercise_set_01_30_latest30_v2/17_스탠딩_카프_레이즈_standing_calf_raise.png,exercise_images/local_downloads/standing_calf_raise.png,140495,330,330,slug
calf_raise,카프 레이즈,카프레이즈,assets/exercise_images/local_downloads/previous_style/exercise_set_01_30_latest30_v2/18_∞╣┤φöä_δáê∞¥┤∞ªê_calf_raise.png,exercise_images/local_downloads/previous_style/exercise_set_01_30_latest30_v2/18_카프_레이즈_calf_raise.png,exercise_images/local_downloads/calf_raise.png,135526,330,330,slug
seated_calf_raise,시티드 카프 레이즈,시티드카프레이즈,assets/exercise_images/local_downloads/previous_style/exercise_set_01_30_latest30_v2/19_∞ï£φï░δô£_∞╣┤φöä_δáê∞¥┤∞ªê_seated_calf_raise.png,exercise_images/local_downloads/previous_style/exercise_set_01_30_latest30_v2/19_시티드_카프_레이즈_seated_calf_raise.png,exercise_images/local_downloads/seated_calf_raise.png,147572,330,330,slug
deadlift,데드리프트,데드리프트,assets/exercise_images/local_downloads/previous_style/exercise_set_01_30_latest30_v2/20_δì░δô£δª¼φöäφè╕_deadlift.png,exercise_images/local_downloads/previous_style/exercise_set_01_30_latest30_v2/20_데드리프트_deadlift.png,exercise_images/local_downloads/deadlift.png,107163,330,330,slug
romanian_deadlift,루마니안 데드리프트,루마니안데드리프트,assets/exercise_images/local_downloads/previous_style/exercise_set_01_30_latest30_v2/21_δú¿δºêδïê∞òê_δì░δô£δª¼φöäφè╕_romanian_deadlift.png,exercise_images/local_downloads/previous_style/exercise_set_01_30_latest30_v2/21_루마니안_데드리프트_romanian_deadlift.png,exercise_images/local_downloads/romanian_deadlift.png,130711,330,330,slug
dumbbell_romanian_deadlift,덤벨 루마니안 데드리프트,덤벨루마니안데드리프트,assets/exercise_images/local_downloads/previous_style/exercise_set_01_30_latest30_v2/22_δìñδ▓¿_δú¿δºêδïê∞òê_δì░δô£δª¼φöäφè╕_dumbbell_romanian_deadlift.png,exercise_images/local_downloads/previous_style/exercise_set_01_30_latest30_v2/22_덤벨_루마니안_데드리프트_dumbbell_romanian_deadlift.png,exercise_images/local_downloads/dumbbell_romanian_deadlift.png,121383,330,330,slug
bench_press,벤치프레스,벤치프레스,assets/exercise_images/local_downloads/previous_style/exercise_set_01_30_latest30_v2/23_δ▓ñ∞╣ÿφöäδáê∞èñ_bench_press.png,exercise_images/local_downloads/previous_style/exercise_set_01_30_latest30_v2/23_벤치프레스_bench_press.png,exercise_images/local_downloads/bench_press.png,120711,330,330,slug
close_grip_bench_press,클로즈그립 벤치프레스,클로즈그립벤치프레스,assets/exercise_images/local_downloads/previous_style/exercise_set_01_30_latest30_v2/24_φü┤δí£∞ªêΩ╖╕δª╜_δ▓ñ∞╣ÿφöäδáê∞èñ_close_grip_bench_press.png,exercise_images/local_downloads/previous_style/exercise_set_01_30_latest30_v2/24_클로즈그립_벤치프레스_close_grip_bench_press.png,exercise_images/local_downloads/close_grip_bench_press.png,121550,330,330,slug
dumbbell_bench_press,덤벨 벤치프레스,덤벨벤치프레스,assets/exercise_images/local_downloads/previous_style/exercise_set_01_30_latest30_v2/25_δìñδ▓¿_δ▓ñ∞╣ÿφöäδáê∞èñ_dumbbell_bench_press.png,exercise_images/local_downloads/previous_style/exercise_set_01_30_latest30_v2/25_덤벨_벤치프레스_dumbbell_bench_press.png,exercise_images/local_downloads/dumbbell_bench_press.png,128442,330,330,slug
one_arm_dumbbell_bench_press,원암 덤벨 벤치프레스,원암덤벨벤치프레스,assets/exercise_images/local_downloads/previous_style/exercise_set_01_30_latest30_v2/26_∞¢É∞òö_δìñδ▓¿_δ▓ñ∞╣ÿφöäδáê∞èñ_one_arm_dumbbell_bench_press.png,exercise_images/local_downloads/previous_style/exercise_set_01_30_latest30_v2/26_원암_덤벨_벤치프레스_one_arm_dumbbell_bench_press.png,exercise_images/local_downloads/one_arm_dumbbell_bench_press.png,125894,330,330,slug
incline_dumbbell_press,인클라인 덤벨 프레스,인클라인덤벨프레스,assets/exercise_images/local_downloads/previous_style/exercise_set_01_30_latest30_v2/27_∞¥╕φü┤δ¥╝∞¥╕_δìñδ▓¿_φöäδáê∞èñ_incline_dumbbell_press.png,exercise_images/local_downloads/previous_style/exercise_set_01_30_latest30_v2/27_인클라인_덤벨_프레스_incline_dumbbell_press.png,exercise_images/local_downloads/incline_dumbbell_press.png,128555,330,330,slug
one_arm_incline_dumbbell_press,원암 인클라인 덤벨 프레스,원암인클라인덤벨프레스,assets/exercise_images/local_downloads/previous_style/exercise_set_01_30_latest30_v2/28_∞¢É∞òö_∞¥╕φü┤δ¥╝∞¥╕_δìñδ▓¿_φöäδáê∞èñ_one_arm_incline_dumbbell_press.png,exercise_images/local_downloads/previous_style/exercise_set_01_30_latest30_v2/28_원암_인클라인_덤벨_프레스_one_arm_incline_dumbbell_press.png,exercise_images/local_downloads/one_arm_incline_dumbbell_press.png,134293,330,330,slug
flat_dumbbell_fly,플랫 덤벨 플라이,플랫덤벨플라이,assets/exercise_images/local_downloads/previous_style/exercise_set_01_30_latest30_v2/29_φöîδ₧½_δìñδ▓¿_φöîδ¥╝∞¥┤_flat_dumbbell_fly.png,exercise_images/local_downloads/previous_style/exercise_set_01_30_latest30_v2/29_플랫_덤벨_플라이_flat_dumbbell_fly.png,exercise_images/local_downloads/flat_dumbbell_fly.png,127231,330,330,slug
incline_dumbbell_fly,인클라인 덤벨 플라이,인클라인덤벨플라이,assets/exercise_images/local_downloads/previous_style/exercise_set_01_30_latest30_v2/30_∞¥╕φü┤δ¥╝∞¥╕_δìñδ▓¿_φöîδ¥╝∞¥┤_incline_dumbbell_fly.png,exercise_images/local_downloads/previous_style/exercise_set_01_30_latest30_v2/30_인클라인_덤벨_플라이_incline_dumbbell_fly.png,exercise_images/local_downloads/incline_dumbbell_fly.png,113989,330,330,slug
cable_fly,케이블 플라이,케이블플라이,assets/exercise_images/local_downloads/previous_style/exercise_set_31_63_downloadable_v2/31_cable_fly.png,exercise_images/local_downloads/previous_style/exercise_set_31_63_downloadable_v2/31_cable_fly.png,exercise_images/local_downloads/cable_fly.png,113510,330,330,exact
dumbbell_pullover,덤벨 풀오버,덤벨풀오버,assets/exercise_images/local_downloads/previous_style/exercise_set_31_63_downloadable_v2/32_dumbbell_pullover.png,exercise_images/local_downloads/previous_style/exercise_set_31_63_downloadable_v2/32_dumbbell_pullover.png,exercise_images/local_downloads/dumbbell_pullover.png,123631,330,330,exact
push_up,푸시업,푸시업,assets/exercise_images/local_downloads/previous_style/exercise_set_31_63_downloadable_v2/33_push_up.png,exercise_images/local_downloads/previous_style/exercise_set_31_63_downloadable_v2/33_push_up.png,exercise_images/local_downloads/push_up.png,109071,330,330,exact
decline_push_up,디클라인 푸시업,디클라인푸시업,assets/exercise_images/local_downloads/previous_style/exercise_set_31_63_downloadable_v2/34_decline_push_up.png,exercise_images/local_downloads/previous_style/exercise_set_31_63_downloadable_v2/34_decline_push_up.png,exercise_images/local_downloads/decline_push_up.png,143162,330,330,exact
dips,딥스,딥스,assets/exercise_images/local_downloads/previous_style/exercise_set_31_63_downloadable_v2/35_dips.png,exercise_images/local_downloads/previous_style/exercise_set_31_63_downloadable_v2/35_dips.png,exercise_images/local_downloads/dips.png,142774,330,330,exact
bench_dips,벤치 딥스,벤치딥스,assets/exercise_images/local_downloads/previous_style/exercise_set_31_63_downloadable_v2/36_bench_dips.png,exercise_images/local_downloads/previous_style/exercise_set_31_63_downloadable_v2/36_bench_dips.png,exercise_images/local_downloads/bench_dips.png,113823,330,330,exact
overhead_press,오버헤드 프레스,오버헤드프레스,assets/exercise_images/local_downloads/previous_style/exercise_set_31_63_downloadable_v2/37_overhead_press.png,exercise_images/local_downloads/previous_style/exercise_set_31_63_downloadable_v2/37_overhead_press.png,exercise_images/local_downloads/overhead_press.png,133782,330,330,exact
machine_shoulder_press,머신 숄더프레스,머신숄더프레스,assets/exercise_images/local_downloads/previous_style/exercise_set_31_63_downloadable_v2/38_machine_shoulder_press.png,exercise_images/local_downloads/previous_style/exercise_set_31_63_downloadable_v2/38_machine_shoulder_press.png,exercise_images/local_downloads/machine_shoulder_press.png,140145,330,330,exact
dumbbell_shoulder_press,덤벨 숄더프레스,덤벨숄더프레스,assets/exercise_images/local_downloads/previous_style/exercise_set_31_63_downloadable_v2/39_dumbbell_shoulder_press.png,exercise_images/local_downloads/previous_style/exercise_set_31_63_downloadable_v2/39_dumbbell_shoulder_press.png,exercise_images/local_downloads/dumbbell_shoulder_press.png,146213,330,330,exact
seated_dumbbell_shoulder_press_no_back,등받이 없는 덤벨 시티드 숄더프레스,등받이없는덤벨시티드숄더프레스,assets/exercise_images/local_downloads/previous_style/exercise_set_31_63_downloadable_v2/40_seated_dumbbell_shoulder_press_no_back.png,exercise_images/local_downloads/previous_style/exercise_set_31_63_downloadable_v2/40_seated_dumbbell_shoulder_press_no_back.png,exercise_images/local_downloads/seated_dumbbell_shoulder_press_no_back.png,129446,330,330,exact
one_arm_dumbbell_shoulder_press,원암 덤벨 숄더프레스,원암덤벨숄더프레스,assets/exercise_images/local_downloads/previous_style/exercise_set_31_63_downloadable_v2/41_one_arm_dumbbell_shoulder_press.png,exercise_images/local_downloads/previous_style/exercise_set_31_63_downloadable_v2/41_one_arm_dumbbell_shoulder_press.png,exercise_images/local_downloads/one_arm_dumbbell_shoulder_press.png,138339,330,330,exact
arnold_press,아놀드 프레스,아놀드프레스,assets/exercise_images/local_downloads/previous_style/exercise_set_31_63_downloadable_v2/42_arnold_press.png,exercise_images/local_downloads/previous_style/exercise_set_31_63_downloadable_v2/42_arnold_press.png,exercise_images/local_downloads/arnold_press.png,140363,330,330,exact
dumbbell_lateral_raise,덤벨 래터럴 레이즈,덤벨래터럴레이즈,assets/exercise_images/local_downloads/previous_style/exercise_set_31_63_downloadable_v2/43_dumbbell_lateral_raise.png,exercise_images/local_downloads/previous_style/exercise_set_31_63_downloadable_v2/43_dumbbell_lateral_raise.png,exercise_images/local_downloads/dumbbell_lateral_raise.png,134524,330,330,exact
rear_delt_fly,리어델트 플라이,리어델트플라이,assets/exercise_images/local_downloads/previous_style/exercise_set_31_63_downloadable_v2/44_rear_delt_fly.png,exercise_images/local_downloads/previous_style/exercise_set_31_63_downloadable_v2/44_rear_delt_fly.png,exercise_images/local_downloads/rear_delt_fly.png,129167,330,330,exact
band_rear_delt_fly,밴드 리어델트 플라이,밴드리어델트플라이,assets/exercise_images/local_downloads/previous_style/exercise_set_31_63_downloadable_v2/45_band_rear_delt_fly.png,exercise_images/local_downloads/previous_style/exercise_set_31_63_downloadable_v2/45_band_rear_delt_fly.png,exercise_images/local_downloads/band_rear_delt_fly.png,132625,330,330,exact
barbell_row,바벨 로우,바벨로우,assets/exercise_images/local_downloads/previous_style/exercise_set_31_63_downloadable_v2/46_barbell_row.png,exercise_images/local_downloads/previous_style/exercise_set_31_63_downloadable_v2/46_barbell_row.png,exercise_images/local_downloads/barbell_row.png,120857,330,330,exact
yates_row,Yates Row,yates row,assets/exercise_images/local_downloads/previous_style/exercise_set_31_63_downloadable_v2/47_yates_row.png,exercise_images/local_downloads/previous_style/exercise_set_31_63_downloadable_v2/47_yates_row.png,exercise_images/local_downloads/yates_row.png,126504,330,330,exact
cable_row,케이블 로우,케이블로우,assets/exercise_images/local_downloads/previous_style/exercise_set_31_63_downloadable_v2/48_cable_row.png,exercise_images/local_downloads/previous_style/exercise_set_31_63_downloadable_v2/48_cable_row.png,exercise_images/local_downloads/cable_row.png,110871,330,330,exact
one_arm_inverted_row,원암 인버티드 로우,원암인버티드로우,assets/exercise_images/local_downloads/previous_style/exercise_set_31_63_downloadable_v2/49_one_arm_inverted_row.png,exercise_images/local_downloads/previous_style/exercise_set_31_63_downloadable_v2/49_one_arm_inverted_row.png,exercise_images/local_downloads/one_arm_inverted_row.png,120205,330,330,exact
lat_pulldown,랫풀다운,랫풀다운,assets/exercise_images/local_downloads/previous_style/exercise_set_31_63_downloadable_v2/50_lat_pulldown.png,exercise_images/local_downloads/previous_style/exercise_set_31_63_downloadable_v2/50_lat_pulldown.png,exercise_images/local_downloads/lat_pulldown.png,141430,330,330,exact
pull_up,풀업,풀업,assets/exercise_images/local_downloads/previous_style/exercise_set_31_63_downloadable_v2/51_pull_up.png,exercise_images/local_downloads/previous_style/exercise_set_31_63_downloadable_v2/51_pull_up.png,exercise_images/local_downloads/pull_up.png,133940,330,330,exact
weighted_pull_up,중량 풀업,중량풀업,assets/exercise_images/local_downloads/previous_style/exercise_set_31_63_downloadable_v2/52_weighted_pull_up.png,exercise_images/local_downloads/previous_style/exercise_set_31_63_downloadable_v2/52_weighted_pull_up.png,exercise_images/local_downloads/weighted_pull_up.png,126348,330,330,exact
chin_up,친업,친업,assets/exercise_images/local_downloads/previous_style/exercise_set_31_63_downloadable_v2/53_chin_up.png,exercise_images/local_downloads/previous_style/exercise_set_31_63_downloadable_v2/53_chin_up.png,exercise_images/local_downloads/chin_up.png,126490,330,330,exact
weighted_chin_up,중량 친업,중량친업,assets/exercise_images/local_downloads/previous_style/exercise_set_31_63_downloadable_v2/54_weighted_chin_up.png,exercise_images/local_downloads/previous_style/exercise_set_31_63_downloadable_v2/54_weighted_chin_up.png,exercise_images/local_downloads/weighted_chin_up.png,126810,330,330,exact
dumbbell_curl,덤벨 컬,덤벨컬,assets/exercise_images/local_downloads/previous_style/exercise_set_31_63_downloadable_v2/55_dumbbell_curl.png,exercise_images/local_downloads/previous_style/exercise_set_31_63_downloadable_v2/55_dumbbell_curl.png,exercise_images/local_downloads/dumbbell_curl.png,145508,330,330,exact
one_arm_dumbbell_curl,원암 덤벨 컬,원암덤벨컬,assets/exercise_images/local_downloads/previous_style/exercise_set_31_63_downloadable_v2/56_one_arm_dumbbell_curl.png,exercise_images/local_downloads/previous_style/exercise_set_31_63_downloadable_v2/56_one_arm_dumbbell_curl.png,exercise_images/local_downloads/one_arm_dumbbell_curl.png,146166,330,330,exact
hammer_curl,해머 컬,해머컬,assets/exercise_images/local_downloads/previous_style/exercise_set_31_63_downloadable_v2/57_hammer_curl.png,exercise_images/local_downloads/previous_style/exercise_set_31_63_downloadable_v2/57_hammer_curl.png,exercise_images/local_downloads/hammer_curl.png,143657,330,330,exact
one_arm_hammer_curl,원암 해머 컬,원암해머컬,assets/exercise_images/local_downloads/previous_style/exercise_set_31_63_downloadable_v2/58_one_arm_hammer_curl.png,exercise_images/local_downloads/previous_style/exercise_set_31_63_downloadable_v2/58_one_arm_hammer_curl.png,exercise_images/local_downloads/one_arm_hammer_curl.png,141582,330,330,exact
concentration_curl,컨센트레이션 컬,컨센트레이션컬,assets/exercise_images/local_downloads/previous_style/exercise_set_31_63_downloadable_v2/59_concentration_curl.png,exercise_images/local_downloads/previous_style/exercise_set_31_63_downloadable_v2/59_concentration_curl.png,exercise_images/local_downloads/concentration_curl.png,137343,330,330,exact
reverse_curl,리버스 컬,리버스컬,assets/exercise_images/local_downloads/previous_style/exercise_set_31_63_downloadable_v2/60_reverse_curl.png,exercise_images/local_downloads/previous_style/exercise_set_31_63_downloadable_v2/60_reverse_curl.png,exercise_images/local_downloads/reverse_curl_2.png,142871,330,330,exact
preacher_curl,프리처 컬,프리처컬,assets/exercise_images/local_downloads/previous_style/exercise_set_31_63_downloadable_v2/61_preacher_curl.png,exercise_images/local_downloads/previous_style/exercise_set_31_63_downloadable_v2/61_preacher_curl.png,exercise_images/local_downloads/preacher_curl.png,120638,330,330,exact
spider_curl,스파이더 컬,스파이더컬,assets/exercise_images/local_downloads/previous_style/exercise_set_31_63_downloadable_v2/62_spider_curl.png,exercise_images/local_downloads/previous_style/exercise_set_31_63_downloadable_v2/62_spider_curl.png,exercise_images/local_downloads/spider_curl.png,125904,330,330,exact
cable_curl,케이블 컬,케이블컬,assets/exercise_images/local_downloads/previous_style/exercise_set_31_63_downloadable_v2/63_cable_curl.png,exercise_images/local_downloads/previous_style/exercise_set_31_63_downloadable_v2/63_cable_curl.png,exercise_images/local_downloads/cable_curl.png,147469,330,330,exact
,트라이셉스 푸시다운,트라이셉스푸시다운,,exercise_images/local_downloads/previous_style/exercise_images_64_94/64_트라이셉스_푸시다운.png,,0,,,missing_zip_entry
,케이블 원암 트라이셉스 익스텐션,케이블원암트라이셉스익스텐션,,exercise_images/local_downloads/previous_style/exercise_images_64_94/65_케이블_원암_트라이셉스_익스텐션.png,,0,,,missing_zip_entry
,오버헤드 트라이셉스 익스텐션,오버헤드트라이셉스익스텐션,,exercise_images/local_downloads/previous_style/exercise_images_64_94/66_오버헤드_트라이셉스_익스텐션.png,,0,,,missing_zip_entry
,원암 덤벨 오버헤드 트라이셉스 익스텐션,원암덤벨오버헤드트라이셉스익스텐션,,exercise_images/local_downloads/previous_style/exercise_images_64_94/67_원암_덤벨_오버헤드_트라이셉스_익스텐션.png,,0,,,missing_zip_entry
,라잉 트라이셉스 익스텐션,라잉트라이셉스익스텐션,,exercise_images/local_downloads/previous_style/exercise_images_64_94/68_라잉_트라이셉스_익스텐션.png,,0,,,missing_zip_entry
,덤벨 킥백,덤벨킥백,,exercise_images/local_downloads/previous_style/exercise_images_64_94/69_덤벨_킥백.png,,0,,,missing_zip_entry
,글루트 브릿지,글루트브릿지,,exercise_images/local_downloads/previous_style/exercise_images_64_94/70_글루트_브릿지.png,,0,,,missing_zip_entry
,사이드 플랭크,사이드플랭크,,exercise_images/local_downloads/previous_style/exercise_images_64_94/71_사이드_플랭크.png,,0,,,missing_zip_entry
,슈퍼맨,슈퍼맨,,exercise_images/local_downloads/previous_style/exercise_images_64_94/72_슈퍼맨.png,,0,,,missing_zip_entry
,크런치,크런치,,exercise_images/local_downloads/previous_style/exercise_images_64_94/73_크런치.png,,0,,,missing_zip_entry
,리버스 크런치,리버스크런치,,exercise_images/local_downloads/previous_style/exercise_images_64_94/74_리버스_크런치.png,,0,,,missing_zip_entry
,레그 레이즈,레그레이즈,,exercise_images/local_downloads/previous_style/exercise_images_64_94/75_레그_레이즈.png,,0,,,missing_zip_entry
,하이퍼익스텐션,하이퍼익스텐션,,exercise_images/local_downloads/previous_style/exercise_images_64_94/76_하이퍼익스텐션.png,,0,,,missing_zip_entry
,백 익스텐션,백익스텐션,,exercise_images/local_downloads/previous_style/exercise_images_64_94/77_백_익스텐션.png,,0,,,missing_zip_entry
,힙 쓰러스트,힙쓰러스트,,exercise_images/local_downloads/previous_style/exercise_images_64_94/78_힙_쓰러스트.png,,0,,,missing_zip_entry
,싱글 레그 힙 쓰러스트,싱글레그힙쓰러스트,,exercise_images/local_downloads/previous_style/exercise_images_64_94/79_싱글_레그_힙_쓰러스트.png,,0,,,missing_zip_entry
,싱글 레그 글루트 브릿지,싱글레그글루트브릿지,,exercise_images/local_downloads/previous_style/exercise_images_64_94/80_싱글_레그_글루트_브릿지.png,,0,,,missing_zip_entry
,원암 덤벨 로우,원암덤벨로우,,exercise_images/local_downloads/previous_style/exercise_images_64_94/81_원암_덤벨_로우.png,,0,,,missing_zip_entry
,체스트 서포티드 원암 덤벨 로우,체스트서포티드원암덤벨로우,,exercise_images/local_downloads/previous_style/exercise_images_64_94/82_체스트_서포티드_원암_덤벨_로우.png,,0,,,missing_zip_entry
,원암 로우,원암로우,,exercise_images/local_downloads/previous_style/exercise_images_64_94/83_원암_로우.png,,0,,,missing_zip_entry
,체스트 서포티드 원암 로우,체스트서포티드원암로우,,exercise_images/local_downloads/previous_style/exercise_images_64_94/84_체스트_서포티드_원암_로우.png,,0,,,missing_zip_entry
,메도우즈 로우,메도우즈로우,,exercise_images/local_downloads/previous_style/exercise_images_64_94/85_메도우즈_로우.png,,0,,,missing_zip_entry
,힙 어브덕션,힙어브덕션,,exercise_images/local_downloads/previous_style/exercise_images_64_94/86_힙_어브덕션.png,,0,,,missing_zip_entry
,힙 어덕션,힙어덕션,,exercise_images/local_downloads/previous_style/exercise_images_64_94/87_힙_어덕션.png,,0,,,missing_zip_entry
,스플릿 스쿼트,스플릿스쿼트,,exercise_images/local_downloads/previous_style/exercise_images_64_94/88_스플릿_스쿼트.png,,0,,,missing_zip_entry
,프론트풋 엘리베이티드 스플릿 스쿼트,프론트풋엘리베이티드스플릿스쿼트,,exercise_images/local_downloads/previous_style/exercise_images_64_94/89_프론트풋_엘리베이티드_스플릿_스쿼트.png,,0,,,missing_zip_entry
,리어풋 엘리베이티드 스플릿 스쿼트,리어풋엘리베이티드스플릿스쿼트,,exercise_images/local_downloads/previous_style/exercise_images_64_94/90_리어풋_엘리베이티드_스플릿_스쿼트.png,,0,,,missing_zip_entry
,불가리안 스플릿 스쿼트,불가리안스플릿스쿼트,,exercise_images/local_downloads/previous_style/exercise_images_64_94/91_불가리안_스플릿_스쿼트.png,,0,,,missing_zip_entry
,시티드 원암 케이블 로우,시티드원암케이블로우,,exercise_images/local_downloads/previous_style/exercise_images_64_94/92_시티드_원암_케이블_로우.png,,0,,,missing_zip_entry
,케이블 원암 로우,케이블원암로우,,exercise_images/local_downloads/previous_style/exercise_images_64_94/93_케이블_원암_로우.png,,0,,,missing_zip_entry
,원암 케이블 하이 로우,원암케이블하이로우,,exercise_images/local_downloads/previous_style/exercise_images_64_94/94_원암_케이블_하이_로우.png,,0,,,missing_zip_entry
six_direction_shadow_step,6방향 섀도우 스텝,6방향섀도우스텝,assets/exercise_images/local_downloads/user_overrides/six_direction_shadow_step.png,exercise_images/local_downloads/user_overrides/six_direction_shadow_step.png,exercise_images/local_downloads/six_direction_shadow_step.png,114672,330,330,exact
one_arm_dumbbell_curl,원암 덤벨 컬,원암덤벨컬,assets/exercise_images/local_downloads/user_overrides/one_arm_dumbbell_curl.png,exercise_images/local_downloads/user_overrides/one_arm_dumbbell_curl.png,exercise_images/local_downloads/one_arm_dumbbell_curl_2.png,135250,330,330,exact
band_external_rotation,밴드 외회전,밴드외회전,assets/exercise_images/local_downloads/user_overrides/band_external_rotation.png,exercise_images/local_downloads/user_overrides/band_external_rotation.png,exercise_images/local_downloads/band_external_rotation.png,114175,330,330,exact
single_leg_leg_curl,싱글 레그 레그 컬,싱글레그레그컬,assets/exercise_images/local_downloads/user_overrides/single_leg_leg_curl.png,exercise_images/local_downloads/user_overrides/single_leg_leg_curl.png,exercise_images/local_downloads/single_leg_leg_curl_2.png,122003,330,330,exact
leaning_dumbbell_lateral_raise,리닝 덤벨 래터럴 레이즈,리닝덤벨래터럴레이즈,assets/exercise_images/local_downloads/user_overrides/leaning_dumbbell_lateral_raise.png,exercise_images/local_downloads/user_overrides/leaning_dumbbell_lateral_raise.png,exercise_images/local_downloads/leaning_dumbbell_lateral_raise.png,138623,330,330,exact
single_arm_cable_triceps_extension,케이블 원암 트라이셉스 익스텐션,케이블원암트라이셉스익스텐션,assets/exercise_images/local_downloads/user_overrides/single_arm_cable_triceps_extension.png,exercise_images/local_downloads/user_overrides/single_arm_cable_triceps_extension.png,exercise_images/local_downloads/single_arm_cable_triceps_extension.png,132652,330,330,exact
